{"cameraMode":{"drawMode":0,"name":"Shaded","section":"Shading Mode"},"sceneLighting":false,"audioPlay":false,"sceneViewState":{"showFog":true,"showMaterialUpdate":false,"showSkybox":false,"showFlares":true,"showImageEffects":true,"showParticleSystems":true},"in2DMode":false,"pivot":{"x":0.002849999815225601,"y":0.0,"z":-0.0012000000569969416},"rotation":{"x":-0.10754173994064331,"y":-0.06796316057443619,"z":0.00736203882843256,"w":-0.9918816089630127},"size":0.07276374846696854,"orthographic":true}