{"cameraMode":{"drawMode":0,"name":"Shaded","section":"Shading Mode"},"sceneLighting":true,"audioPlay":false,"sceneViewState":{"showFog":true,"showMaterialUpdate":false,"showSkybox":true,"showFlares":true,"showImageEffects":true,"showParticleSystems":true},"in2DMode":false,"pivot":{"x":0.271728515625,"y":0.0001220703125,"z":0.717529296875},"rotation":{"x":0.19050332903862,"y":0.32569050788879397,"z":-0.06717384606599808,"w":0.9236491918563843},"size":1.1308897733688355,"orthographic":true}