{"cameraMode":{"drawMode":0,"name":"Shaded","section":"Shading Mode"},"sceneLighting":false,"audioPlay":false,"sceneViewState":{"showFog":true,"showMaterialUpdate":false,"showSkybox":false,"showFlares":true,"showImageEffects":true,"showParticleSystems":true},"in2DMode":false,"pivot":{"x":0.000133514404296875,"y":0.0,"z":0.98738694190979},"rotation":{"x":0.20943838357925416,"y":0.4549945294857025,"z":-0.11058414727449417,"w":0.8585121631622315},"size":1.2860127687454224,"orthographic":true}